traj_idx,H,K
0,0.8218329548835754,0.4261297
1,0.641506552696228,1.4592342
2,0.5139697790145874,3.947048
3,0.4024418592453003,1.0441016
4,0.5432758331298828,0.72387296
5,0.4686714708805084,1.8364851
6,0.7416187524795532,0.95245427
7,0.4372491044923663,1.5566901
8,0.42945677042007446,2.1388094
9,0.46642204374074936,0.1923637
10,0.3243519961833954,0.08368052
11,0.4576890766620636,0.08853703
12,0.5187779664993286,0.4540613
13,0.3759150505065918,0.076007426
14,0.36969509720802307,0.03956377
15,0.6170074939727783,3.1236272
16,0.5445396900177002,1.5949076
17,0.5776132745668292,1.9024608
18,0.644389271736145,1.880324
19,0.43043508287519217,1.1804518
20,0.5335887670516968,0.36101714
21,0.5159116387367249,1.7188519
22,0.5969626419246197,1.4997597
23,0.3630238175392151,0.77863604
24,0.2974262535572052,0.09934715
25,0.3722114562988281,2.176221
26,0.49713882338255644,0.48367646
27,0.3460797406733036,0.8911602
28,0.3853675127029419,1.1919105
29,0.5857258476316929,0.7033249
30,0.39900460839271545,0.36773682
31,0.6045011281967163,0.28966483
32,0.7050688359886408,1.1856416
33,0.22076863050460815,0.10158233
34,0.3099404275417328,0.1676596
35,0.5212437510490417,0.2811247
36,0.4589257203042507,0.9431044
37,0.41436171531677246,2.0534515
38,0.3987455368041992,0.8289659
39,0.3939895015209913,0.798455
40,0.3220249116420746,0.035200868
41,0.34465399384498596,0.16494633
42,0.5588411092758179,1.2589244
43,0.6719551086425781,0.41747394
44,0.4676872193813324,1.2325429
45,0.35057294368743896,1.5109953
46,0.33199000358581543,6.6378
47,0.45596759766340256,0.66560423
48,0.49862876534461975,1.245047
49,0.23461971059441566,0.14651203
50,0.234098419547081,0.42543244
51,0.23951974790543318,0.02314684
52,0.6601389646530151,0.5839377
53,0.39579588174819946,0.112427846
54,0.5366306789219379,1.0208838
55,0.43816739320755005,1.0471504
56,0.5213235020637512,0.37037355
57,0.20870634634047747,0.040542956
58,0.3054296374320984,1.1619557
59,0.30967041943222284,0.016866673
60,0.5589452981948853,0.31024054
61,0.5360801219940186,1.391893
62,0.4648176431655884,1.8350037
63,0.4304931163787842,2.2287169
64,0.7576639484614134,0.13982534
65,0.4006569981575012,1.544288
66,0.482475221157074,0.13487159
67,0.4523835778236389,0.6785268
68,0.3905758438631892,0.25720274
69,0.495050884783268,0.4135595
70,0.20694191101938486,0.04876417
71,0.3178425431251526,0.25411442
72,0.521757960319519,2.525863
73,0.4234633445739746,0.9293103
74,0.7349645495414734,0.0967216
75,0.5163974473252892,1.102341
76,0.36793988943099976,0.20934215
77,0.5194050073623657,1.2611923
78,0.6497147083282471,3.316282
79,0.41473907232284546,1.315104
80,0.6221938729286194,0.7002941
81,0.7542247213423252,1.0846363
82,0.45397746562957764,0.32510743
83,0.6057556867599487,0.5333009
84,0.42944344133138657,1.9496547
85,0.5911839008331299,1.5200874
86,0.5257773399353027,1.809079
87,0.6132007837295532,0.8465054
88,0.4253197908401489,1.1074926
89,0.5306395888328552,0.18179794
90,0.48187899589538574,1.6129678
91,0.3942049741744995,0.15465653
92,0.5930318832397461,0.12093385
93,0.6344637870788574,0.7348546
94,0.48598895221948624,1.9125979
95,0.5934202056378126,1.0572495
96,0.49729405250400305,1.2472665
97,0.4711202383041382,0.8794684
98,0.6862684488296509,0.75386703
99,0.6012117266654968,0.24146469
100,0.3757865047082305,0.62451375
101,0.5963525176048279,0.4788317
102,0.42660555243492126,1.5470916
103,0.4482094347476959,0.9769526
104,0.4769385401159525,1.296679
105,0.6086267232894897,1.463404
106,0.33212159387767315,0.16112538
107,0.37077072262763977,0.9603808
108,0.41441098880022764,1.0790704
109,0.5364647572860122,0.90512747
110,0.38214353984221816,0.14742084
111,0.5187488151714206,0.32340232
112,0.5207017734646797,1.1679094
113,0.3300097584724426,3.0136676
114,0.8119269609451294,0.7718559
115,0.3509547496214509,0.12319433
116,0.2905103862285614,5.0120544
117,0.6030548959970474,0.07065064
118,0.2783793145790696,0.06657305
119,0.3600797653198242,0.10090928
120,0.7504647020250559,0.6233434
121,0.4616052806377411,0.37408754
122,0.39698973298072815,2.080238
123,0.5483364462852478,0.039522067
124,0.7257305979728699,0.6545054
125,0.6672858595848083,1.1644138
126,0.4612123966217041,0.7222009
127,0.47993791103363037,3.3762958
128,0.36288905143737793,0.7931641
129,0.6032034158706665,1.1490368
130,0.41228026151657104,2.4765112
131,0.7879973649978638,0.8245407
132,0.6208412647247314,2.5577526
133,0.435221791267395,0.12957251
134,0.4033874738961458,0.3471527
135,0.12814253009855747,0.0628784
136,0.4373586177825928,1.4586086
137,0.4395837187767029,0.6278556
138,0.30307421274483204,0.9447478
139,0.4626277685165405,2.1165524
140,0.1328427866101265,0.15917784
141,0.4385971128940582,0.17337844
142,0.5069923754781485,1.1277809
143,0.4830111265182495,1.5556824
144,0.7524422407150269,2.310876
145,0.489785373210907,1.2590003
146,0.5104708075523376,1.0416207
147,0.6884498596191406,0.22605808
148,0.764732850715518,0.6520834
149,0.4563271999359131,0.57497025
150,0.3764399290084839,0.6941239
151,0.42513546347618103,0.5987725
152,0.5325570115819573,0.36495325
153,0.38206134643405676,0.07068237
154,0.5087060332298279,1.8385783
155,0.36223238706588745,1.0639516
156,0.34460100531578064,1.693875
157,0.4571249485015869,1.5620562
158,0.2315129041671753,1.8057115
159,0.6261549256742001,0.9418503
160,0.3168567419052124,3.0556238
161,0.24824458919465542,0.015642457
162,0.6041643619537354,0.7106593
163,0.2968180179595947,0.92933184
164,0.5065743923187256,1.285204
165,0.5020185708999634,1.6130185
166,0.21950432751327753,0.061842624
167,0.7055947780609131,2.0003548
168,0.6483867168426514,1.0320572
169,0.19338752562180161,0.03895613
170,0.4843694269657135,2.3532763
171,0.29309505224227905,0.2604089
172,0.6681255102157593,1.101742
173,0.742877721786499,2.2303886
174,0.5081616640090942,0.33870804
175,0.3875625729560852,1.6403961
176,0.3236833941191435,0.04124831
177,0.6648337841033936,3.2507648
178,0.6221510171890259,0.036808874
179,0.4322109520435333,1.644229
180,0.30603990657255054,1.8887757
181,0.6380897760391235,0.79800665
182,0.42465769685804844,1.0057309
183,0.3425714671611786,0.0277105
184,0.5583867430686951,1.5862
185,0.7178686857223511,3.7396445
186,0.6540290117263794,1.0098774
187,0.6680267453193665,1.5133328
188,0.522411584854126,2.5012295
189,0.44794517755508423,0.5465011
190,0.5383833469823003,1.3036127
191,0.5276292562484741,1.0335883
192,0.24335960019379854,0.14664266
193,0.40289604663848877,1.6162883
194,0.47221535444259644,0.19037889
195,0.4693477749824524,1.388106
196,0.7523265480995178,1.4740423
197,0.1849863426759839,0.0425145
198,0.3862327039241791,3.7467422
199,0.33562925457954407,1.1341662
200,0.467465341091156,0.8747198
201,0.3386233448982239,1.854849
202,0.3507708562538028,0.74134487
203,0.5916171763092279,1.4877062
204,0.4160424470901489,0.82312214
205,0.4052237570285797,1.2298934
206,0.4226843537762761,0.5031934
207,0.6033755540847778,0.8236157
208,0.6708888076245785,0.85579747
209,0.5076863765716553,2.7273014
210,0.40490955114364624,1.405734
211,0.5157506465911865,0.017464
212,0.4749278426170349,1.7405603
213,0.4365789294242859,2.5990844
214,0.5881100296974182,3.1845193
215,0.24548662453889847,0.014785655
216,0.40898457169532776,0.9475465
217,0.3505215309560299,0.09320532
218,0.30551013350486755,1.1716006
219,0.7600858211517334,1.2594794
220,0.5638336567208171,0.72448593
221,0.6209819316864014,0.9875425
222,0.32894062995910645,3.6107993
223,0.6457606554031372,4.5077085
224,0.489725130610168,1.816948
225,0.5058870781213045,0.18426594
226,0.34233197569847107,0.54530674
227,0.5094851702451706,1.2136945
228,0.5011866092681885,2.2527392
229,0.28699778765439987,0.08841861
230,0.5154850482940674,0.6830133
231,0.46225404739379883,0.8966294
232,0.28724002838134766,0.2721427
233,0.6625608801841736,0.5354121
234,0.4892399311065674,0.5664139
235,0.5115060806274414,1.7773646
236,0.153706063516438,0.039577436
237,0.4119473099708557,0.70771533
238,0.4014263479039073,0.12050552
239,0.43155086040496826,0.17537022
240,0.6089817080646753,1.2620792
241,0.7728054523468018,0.31464025
242,0.48418211936950684,2.076735
243,0.4591798186302185,0.16342337
244,0.4603975713253021,0.15399595
245,0.40299415588378906,1.7886152
246,0.6487743854522705,2.255145
247,0.3240366196259856,0.053847086
248,0.3886057734489441,0.8980731
249,0.37782272696495056,3.3429325
250,0.5328672649338841,1.8278291
251,0.5106670996174216,3.3669474
252,0.4792022407054901,0.84930545
253,0.5766883473843336,2.506941
254,0.39149177074432373,2.1057003
255,0.5846067843958735,0.25978944
256,0.5104752779006958,1.0589956
257,0.5329031348228455,0.69482815
258,0.3385208463296294,1.9371667
259,0.6484094262123108,0.33953202
260,0.3254125053063035,1.9020879
261,0.5431666411459446,0.40536958
262,0.2463841699063778,0.15556532
263,0.39955252408981323,0.014194169
264,0.4289093688130379,0.9298864
265,0.31973254680633545,1.0738444
266,0.5605722665786743,0.5103818
267,0.5152895450592041,3.8620083
268,0.3827736973762512,0.076448545
269,0.4387835254892707,2.438383
270,0.5999028086662292,1.2257086
271,0.5894704461097717,1.3029486
272,0.47474801540374756,1.7294095
273,0.518155038356781,2.9897165
274,0.22287415899336338,0.03887246
275,0.4640355408191681,2.6419227
276,0.6102840900421143,1.019553
277,0.44140392541885376,0.76962036
278,0.6425177548080683,1.2123572
279,0.4584246864542365,1.0122876
280,0.664048433303833,2.0293868
281,0.45217947848141193,0.09193935
282,0.46445927023887634,0.7297256
283,0.19713865779340267,0.046980787
284,0.5485888719558716,1.502175
285,0.5595336854457855,0.41750193
286,0.2607191950082779,1.1421593
287,0.2992161512374878,0.68875504
288,0.549560546875,0.19875553
289,0.4085003137588501,1.2153553
290,0.5939118526875973,0.67559415
291,0.38866129517555237,0.77357465
292,0.5726335048675537,1.3825439
293,0.3991628885269165,0.053480923
294,0.5453399419784546,0.71339214
295,0.2584951454773545,2.1170592
296,0.5214804410934448,0.22944076
297,0.5434023141860962,0.3524291
298,0.36104573775082827,1.2799472
299,0.6069870591163635,2.2919414
300,0.46729966439306736,0.94234467
301,0.33448928594589233,0.06531221
302,0.6833860278129578,0.10173067
303,0.2783547043800354,2.327084
304,0.4020739197731018,0.06563451
305,0.5627085706219077,0.45756304
306,0.47287080716341734,1.2863498
307,0.4002662841230631,0.6514992
308,0.6412771288305521,0.9017947
309,0.46009528636932373,0.6546416
310,0.22598761320114136,2.2262456
311,0.5317157348617911,0.8291614
312,0.23443323373794556,0.73378235
313,0.42678534984588623,0.5700193
314,0.37343326210975647,0.64970225
315,0.5039797425270081,1.3501564
316,0.3792119324207306,1.6950558
317,0.4920971989631653,1.6953287
318,0.41882048547267914,0.082437456
319,0.40325257182121277,2.6672077
320,0.32263660430908203,2.2848854
321,0.5406626462936401,2.5421898
322,0.6597805023193359,0.8339144
323,0.630424976348877,1.3315005
324,0.3284907639026642,1.7419356
325,0.6436702013015747,2.127355
326,0.4839763641357422,0.46355662
327,0.5298483744263649,2.0866978
328,0.46958157420158386,1.6160004
329,0.6059470176696777,1.9209836
330,0.33806659560650587,0.15268393
331,0.3246922492980957,0.18491913
332,0.48106372356414795,1.1253068
333,0.5274300575256348,0.3544464
334,0.25573647022247314,0.18944727
335,0.6392954587936401,1.3669641
336,0.7464023232460022,0.233805
337,0.4301965832710266,1.233591
338,0.23671860620379448,0.16369319
339,0.6111280070617795,0.75730085
340,0.5821944437921047,0.2289063
341,0.21329180896282196,1.592427
342,0.6379148960113525,0.8160165
343,0.5189700126647949,2.2960496
344,0.7008563280105591,0.40274945
345,0.4118438959121704,2.9282365
346,0.31284548342227936,3.2402775
347,0.739248514175415,2.219308
348,0.4793071150779724,0.38102415
349,0.39182114601135254,2.2303991
350,0.5321329832077026,2.6151469
351,0.5418193340301514,1.0460875
352,0.5813700128346682,1.6951547
353,0.4468030631542206,0.48678404
354,0.29267603158950806,1.2526289
355,0.7631455659866333,0.8887141
356,0.573264479637146,1.9962591
357,0.4439324140548706,0.51262516
358,0.3153628706932068,0.3894403
359,0.358148455619812,0.07534252
360,0.475242018699646,2.0408006
361,0.5800192821770906,2.1446767
362,0.5121215581893921,1.3289905
363,0.5221184492111206,1.0068599
364,0.3670382499694824,1.302274
365,0.3123057158663869,0.061612207
366,0.5790120363235474,0.4209768
367,0.6126673221588135,0.64043456
368,0.4793476164340973,1.978584
369,0.8345756530761719,3.1023123
370,0.6168034076690674,1.1778113
371,0.26590242981910706,0.18923678
372,0.386776328086853,0.44217646
373,0.5695512294769287,1.4492129
374,0.4261297285556793,0.123547494
375,0.4210757911205292,1.2555674
376,0.25999245420098305,0.019492997
377,0.48915464617311954,1.4652548
378,0.25243011116981506,0.035811424
379,0.28878116607666016,0.22341141
380,0.16747689712792635,0.11130972
381,0.42810720205307007,0.44652307
382,0.35136526823043823,0.39636478
383,0.6500401347875595,1.5425825
384,0.30818480253219604,0.13301432
385,0.27631881460547447,2.9768019
386,0.4584192633628845,0.6341726
387,0.7223030924797058,0.16629596
388,0.2560530621558428,1.7455959
389,0.4941372275352478,3.2577724
390,0.24875488132238388,0.012572727
391,0.5724369883537292,3.6017776
392,0.6045348644256592,0.5157962
393,0.7399997115135193,2.080397
394,0.4915594458580017,0.13971862
395,0.6357254385948181,0.79721034
396,0.36343324184417725,0.033002354
397,0.5926403999328613,0.88018584
398,0.4642289876937866,0.5504784
399,0.6925060749053955,4.3873463
400,0.3960716724395752,0.893731
401,0.12179382145404816,0.16182996
402,0.5008262395858765,0.027995992
403,0.4704482667148113,1.5800542
404,0.42175114154815674,1.0864816
405,0.29278992395848036,0.09848348
406,0.4709649942815304,0.34740737
407,0.44656634237617254,0.75544626
408,0.4344858229160309,1.8909973
409,0.6122821569442749,0.39699763
410,0.3585229814052582,0.1805659
411,0.40038424730300903,0.45613486
412,0.34394484758377075,0.9711934
413,0.27866191882640123,0.27091664
414,0.4920283555984497,0.29421255
415,0.6332997679710388,4.026231
416,0.2695763660594821,0.041933533
417,0.7107337713241577,0.7138889
418,0.3618515133857727,2.4699569
419,0.49764496088027954,0.5658455
420,0.4887603521347046,1.0677105
421,0.4599112868309021,1.896282
422,0.5765359401702881,2.7550714
423,0.21557417511940002,0.9628315
424,0.37810999155044556,1.3591741
425,0.3686506450176239,0.12876093
426,0.1674063690006733,0.111299425
427,0.4001470906659961,1.6471741
428,0.4210324287414551,1.93945
429,0.2311143735423684,0.100060955
430,0.478775261901319,0.41921386
431,0.1506449431180954,0.169291
432,0.4678739905357361,2.306403
433,0.6847124099731445,1.0832567
434,0.36540696024894714,1.409507
435,0.5734808444976807,0.06571382
436,0.48766252864152193,0.22016864
437,0.3490615226328373,1.603501
438,0.5070722596719861,1.0470623
439,0.4007015824317932,1.7354369
440,0.5884618777781725,1.1950475
441,0.3902970850467682,1.7279643
442,0.5225090980529785,4.362568
443,0.4868743559345603,1.2085148
444,0.7245530486106873,0.009940728
445,0.39898502826690674,2.348865
446,0.4743023216724396,4.183781
447,0.3397243022918701,1.0420884
448,0.33314406871795654,1.7012588
449,0.4072204912081361,1.3853093
450,0.6730451937764883,0.52853215
451,0.5430164337158203,1.111156
452,0.48003592249006033,0.9272861
453,0.500194787979126,0.085723564
454,0.39447689056396484,2.2905939
455,0.6187052726745605,3.1130745
456,0.6007300615310669,2.2953389
457,0.7139575481414795,5.30762
458,0.2713937973603606,0.10177178
459,0.5794451236724854,1.5670493
460,0.4990926831960678,0.5861773
461,0.1733771711587906,0.21028873
462,0.7388283014297485,2.4900837
463,0.5121034383773804,0.83537835
464,0.4513204097747803,1.0383509
465,0.37333056330680847,0.055327877
466,0.35363519191741943,0.053981133
467,0.5710046887397766,0.25014874
468,0.4065670119598508,1.8068771
469,0.8410189151763916,1.6333834
470,0.5701738595962524,1.848479
471,0.3932916522026062,0.2649164
472,0.42140787839889526,0.0658201
473,0.39845430850982666,1.498678
474,0.5373263359069824,1.001634
475,0.3377590775489807,0.104950055
476,0.44440513849258423,0.20076106
477,0.2379131019115448,0.13290712
478,0.4393228590488434,2.6941776
479,0.5056065320968628,1.1033366
480,0.37835735362023115,2.3922572
481,0.34701148327440023,0.0686967
482,0.47663480043411255,0.26311654
483,0.14606221672147512,0.087838
484,0.5069594383239746,4.4584327
485,0.4574287533760071,1.9931087
486,0.5784165263175964,0.21458794
487,0.22669097688049078,0.036344346
488,0.49068933445960283,0.60218704
489,0.48191726207733154,0.5195646
490,0.6194498538970947,1.2309396
491,0.3359425663948059,0.024054376
492,0.38591858744621277,0.09560916
493,0.22314828634262085,1.427559
494,0.4339960515499115,2.0516143
495,0.47830670047551394,0.55510825
496,0.6416921615600586,1.3286166
497,0.4946591854095459,1.5381957
498,0.35216251062229276,0.06769727
499,0.32930001616477966,1.4740187
500,0.7867226600646973,0.981041
501,0.34749817848205566,1.5134104
502,0.36841797828674316,0.8705538
503,0.3899281620979309,0.4990955
504,0.34018805623054504,0.23415133
505,0.3078438639640808,0.29069304
506,0.4446158120408654,1.7779759
507,0.5683829756453633,2.2220356
508,0.30276376008987427,1.2569715
509,0.5997321605682373,2.364791
510,0.4109203517436981,1.1441263
511,0.44483131170272827,0.8706603
512,0.5929379491135478,1.1019953
513,0.63312285579741,0.6379927
514,0.5341770946979523,1.2438768
515,0.48085469007492065,0.6775129
516,0.4331229329109192,1.7407296
517,0.20771320164203644,0.04010555
518,0.539103090763092,0.95977825
519,0.54659104347229,1.4546185
520,0.5142791271209717,0.8635791
521,0.6667738556861877,2.6524215
522,0.5472413301467896,0.7300281
523,0.7067620158195496,1.6813692
524,0.31194496154785156,0.06836178
525,0.5119850067421794,0.50953764
526,0.5167295169085264,0.97332996
527,0.586656391620636,0.16028976
528,0.5012109279632568,1.3085871
529,0.5185487912967801,2.015011
530,0.30016958713531494,0.006426674
531,0.30421708384528756,0.049962994
532,0.25493258237838745,1.2295753
533,0.45717692375183105,0.7311893
534,0.5967627167701721,1.0494543
535,0.35179847478866577,0.7075205
536,0.6382286176085472,1.5963356
537,0.4375467896461487,1.1679164
538,0.2744005583226681,0.089357615
539,0.5797586739063263,0.5591241
540,0.5369142889976501,1.951376
541,0.4035506248474121,3.6515398
542,0.617905855178833,1.4638569
543,0.6009606122970581,1.034048
544,0.41438502073287964,2.5566087
545,0.5806217789649963,0.8593501
546,0.6501369476318359,0.501115
547,0.685292586684227,1.543693
548,0.4517260789871216,1.5834429
549,0.5076476335525513,2.7706287
550,0.46833196841180325,0.38333252
551,0.5360296936705709,1.4149402
552,0.5761122461408377,0.92975277
553,0.2002775426954031,0.046244267
554,0.522739227861166,1.5789316
555,0.374603271484375,1.7089838
556,0.403433620929718,2.82956
557,0.41462324745953083,1.418082
558,0.5760354399681091,0.9156571
559,0.6747493799775839,0.77148116
560,0.4947925852611661,0.85853285
561,0.5525041818618774,0.9348124
562,0.3946117162704468,0.52767855
563,0.31340473890304565,1.6554663
564,0.3391121029853821,0.09955287
565,0.2355278693139553,0.22910818
566,0.5365005815401673,0.7317209
567,0.3435881733894348,1.060631
568,0.3753963112831116,1.0897107
569,0.5635239575058222,1.6534404
570,0.6020036935806274,3.6451607
571,0.5323116490617394,1.7160865
572,0.5897837281227112,0.8785876
573,0.5151376742869616,1.9416348
574,0.4717444181442261,1.0006658
575,0.29839450120925903,1.3135399
576,0.35488795582205057,1.5549614
577,0.4811312258243561,0.107518554
578,0.6650217473506927,1.2501416
579,0.23341801762580872,0.3756889
580,0.561726107262075,0.76845443
581,0.4032987058162689,0.076832086
582,0.3036375045776367,0.66192055
583,0.29786490369588137,1.3136305
584,0.4784660404548049,2.6798053
585,0.6443178057670593,0.16372518
586,0.3972361981868744,0.3072854
587,0.4538564244285226,0.2602898
588,0.6878142524510622,1.5375934
589,0.5883777737617493,2.4033542
590,0.4652857184410095,1.0124565
591,0.5138137731701136,1.0037668
592,0.522517204284668,0.2500387
593,0.26545537915080786,0.11849557
594,0.6981025338172913,1.0184513
595,0.6448122262954712,1.4167095
596,0.4229235053062439,2.257325
597,0.40700656175613403,0.7905734
598,0.3428381085395813,0.04741562
599,0.4726339280605316,2.2452052
600,0.6728900223970413,1.0787946
601,0.3959060311317444,1.540578
602,0.47664761543273926,0.5416855
603,0.6379340570420027,1.2888494
604,0.18150026258081198,0.025658946
605,0.7706192135810852,0.9932073
606,0.3147996962070465,0.63681954
607,0.34560900926589966,0.1794621
608,0.543556809425354,4.257274
609,0.3658250570297241,0.63262516
610,0.6285971403121948,1.216286
611,0.3962864773347974,1.3998268
612,0.4965566396713257,1.8503433
613,0.47183141112327576,2.1537092
614,0.21079446282237768,0.083290994
615,0.20575022790580988,0.46550933
616,0.33618301153182983,3.1079175
617,0.35730230808258057,0.28255615
618,0.5447539687156677,1.1706922
619,0.378800630569458,0.876723
620,0.3981408504769206,3.0825958
621,0.4926943778991699,1.7103496
622,0.4975074827671051,0.83032966
623,0.531934380531311,2.8833842
624,0.3801209032535553,1.5232848
625,0.29614211432635784,0.07096422
626,0.5135275721549988,1.8369694
627,0.5915189981460571,1.0936995
628,0.5138549208641052,1.715346
629,0.4357667565345764,0.021498602
630,0.6993073560297489,2.4265199
631,0.37756845355033875,1.4909645
632,0.6486244201660156,1.4940163
633,0.4977959552779794,1.1842535
634,0.45131808519363403,1.5582988
635,0.33380037546157837,0.24670076
636,0.5335057973861694,2.4646738
637,0.6559892892837524,0.81374073
638,0.5021085739135742,0.25037086
639,0.47651055455207825,0.9417196
640,0.4062144160270691,0.21594603
641,0.3594261109828949,0.65593463
642,0.6003703568130732,1.2494941
643,0.5798770189285278,0.20727795
644,0.3497151732444763,1.3531224
645,0.5585673041641712,1.6538137
646,0.4107997417449951,0.32620686
647,0.6633813381195068,1.7784148
648,0.4228071318939328,1.550085
649,0.5153287947177887,1.6884868
650,0.6212931275367737,1.2676029
651,0.4889912009239197,1.5824336
652,0.3821540493518114,0.2682685
653,0.270267516374588,2.0123608
654,0.5621861163526773,0.86296976
655,0.1801712103188038,0.07446191
656,0.30304306745529175,0.5869128
657,0.6125475391745567,2.2066004
658,0.6040573120117188,0.86215585
659,0.45083497650921345,0.05725321
660,0.244074285030365,2.0144894
661,0.6912058591842651,0.41172305
662,0.4017864763736725,0.7787912
663,0.25104853976517916,0.17770498
664,0.233753165230155,0.057025637
665,0.3501230776309967,0.9515359
666,0.23738574981689453,0.34703013
667,0.35318141896277666,0.055396076
668,0.6529213786125183,1.720142
669,0.6123870015144348,0.028791001
670,0.5175213813781738,0.7330466
671,0.4654792845249176,1.7964559
672,0.5544880628585815,0.30341673
673,0.6535186171531677,2.499036
674,0.7422958612442017,0.86300343
675,0.6654553413391113,3.76246
676,0.32598603051155806,2.4752579
677,0.47230350971221924,0.022395246
678,0.2989417612552643,0.13644385
679,0.3775430917739868,3.2557685
680,0.5868321657180786,0.44586003
681,0.6462406143546104,1.1541865
682,0.4618595838546753,1.0720214
683,0.6184628009796143,0.9985156
684,0.4009557366371155,0.7876768
685,0.5683077489957213,0.7955518
686,0.3343326151371002,0.08280421
687,0.366527259349823,0.079095304
688,0.2462068796157837,0.090633325
689,0.34263068437576294,1.2908703
690,0.5974664092063904,2.463508
691,0.3922900855541229,1.8227592
692,0.3195324242115021,0.062547706
693,0.6921573877334595,0.6289151
694,0.38298648595809937,2.215549
695,0.4630308747291565,0.6485193
696,0.4404054582118988,3.0145292
697,0.3915119171142578,0.60528785
698,0.33442866802215576,1.6149718
699,0.7773333787918091,0.93637514
700,0.4131888449192047,1.0592601
701,0.16990396287292242,0.09117361
702,0.3973498363047838,1.0011896
703,0.8850136399269104,2.2124915
704,0.34458131715655327,1.0177124
705,0.38713997416198254,2.548336
706,0.21538397669792175,0.061194602
707,0.4769151210784912,2.3853395
708,0.6840435955673456,2.0862966
709,0.5159439370036125,1.6995796
710,0.5139080286026001,2.0583174
711,0.633732333779335,1.767541
712,0.436220645904541,0.081535265
713,0.49527353048324585,1.1865954
714,0.5748724034056067,0.39529833
715,0.29105461528524756,0.06331363
716,0.4876824179664254,0.6412593
717,0.7351637482643127,2.7767901
718,0.44632767140865326,2.2333913
719,0.343545138835907,2.8704264
720,0.2841013940051198,0.032097004
721,0.32518380880355835,0.609085
722,0.5072081089019775,0.22021765
723,0.5320323705673218,1.6247195
724,0.3383561670780182,1.48127
725,0.580382764339447,1.7264321
726,0.6380085349082947,1.1523278
727,0.36495691537857056,0.60700166
728,0.36451447010040283,0.47471085
729,0.36085301637649536,0.85883164
730,0.5844687223434448,0.8429518
731,0.3342152237892151,0.011444595
732,0.7138601634651423,1.1061729
733,0.553655743598938,0.98258567
734,0.3919047713279724,2.8395894
735,0.49399906396865845,0.7113114
736,0.8697318434715271,0.3743572
737,0.33042147755622864,0.5685035
738,0.43168216943740845,0.83375067
739,0.32013410329818726,0.094478704
740,0.5361010432243347,0.19243787
741,0.7187744379043579,2.3659112
742,0.6748649217188358,0.44365275
743,0.42483949661254883,5.7864857
744,0.5336413132026792,1.0678973
745,0.2719239890575409,2.7515233
746,0.5700192451477051,0.7611691
747,0.17942416109144688,0.06761352
748,0.5216703116893768,1.7575765
749,0.7465106248855591,5.5165863
750,0.24790212512016296,1.5218235
751,0.374765582382679,0.14867775
752,0.5042986869812012,1.883822
753,0.40599435567855835,0.36123496
754,0.5089240074157715,0.40495965
755,0.39802984427660704,0.63804376
756,0.6158413887023926,0.18596894
757,0.3169634938240051,1.2755666
758,0.4901280105113983,0.20980172
759,0.36246979236602783,1.7305046
760,0.4152962565422058,0.07113224
761,0.38548797369003296,0.9070439
762,0.4763510823249817,0.7757255
763,0.2809191048145294,0.06850952
764,0.5112266540527344,3.7545285
765,0.39536839723587036,1.0898926
766,0.8044856190681458,1.3901489
767,0.566937817260623,0.3745813
768,0.18921196460723877,0.139607
769,0.6456910418346524,1.7035701
770,0.6219788789749146,0.30912837
771,0.5291862487792969,2.1247382
772,0.34292140882462263,0.5173265
773,0.34773792140185833,0.64438206
774,0.4546712636947632,0.06471861
775,0.5611288547515869,3.2676668
776,0.4224756360054016,0.7056061
777,0.2132268464192748,0.043241426
778,0.5671076225116849,0.7271599
779,0.3154181810095906,0.1248259
780,0.34673744440078735,0.050773207
781,0.5229150652885437,1.6298902
782,0.4113730564713478,1.1293867
783,0.4792305529117584,1.1940442
784,0.28389375656843185,0.11288426
785,0.2958331825211644,0.05909301
786,0.3341279625892639,0.1457021
787,0.19691483210772276,0.043910775
788,0.24213121831417084,0.28382778
789,0.4551738500595093,1.0132619
790,0.7756038904190063,0.63085866
791,0.3424033224582672,0.17140567
792,0.70900983735919,2.1264358
793,0.3438625931739807,0.9891879
794,0.4555077916011214,2.0665617
795,0.7138778567314148,1.8873465
796,0.4485486149787903,3.1816325
797,0.5102462768554688,2.0017722
798,0.4122307328507304,1.6434044
799,0.5120734572410583,1.8996361
800,0.3436660170555115,2.188245
801,0.5205934047698975,1.5402209
802,0.36839408054947853,1.1608553
803,0.3432053495198488,0.72333205
804,0.41653617192059755,1.814856
805,0.5354417562484741,1.33059
806,0.4194464087486267,1.6017337
807,0.12751325964927673,0.051668074
808,0.4963768422603607,4.9371457
809,0.5011889282613993,0.8934029
810,0.4464443624019623,0.7094474
811,0.315179705619812,0.27645618
812,0.5851835608482361,0.55712783
813,0.6461223363876343,1.3689083
814,0.4485296607017517,0.42925236
815,0.6773951649665833,1.1369487
816,0.6686752438545227,2.1768863
817,0.5479578971862793,0.21070284
818,0.6170286536216736,0.69500273
819,0.443884015083313,0.20108168
820,0.410663902759552,1.2308433
821,0.5174603834748268,1.8986326
822,0.3688966939225793,0.057237532
823,0.5524212121963501,0.93389755
824,0.44500434398651123,2.1515229
825,0.4517914056777954,1.8046362
826,0.3118526339530945,1.4002386
827,0.5005218610167503,1.2889509
828,0.4361367914825678,1.4213914
829,0.49161696434020996,1.1688668
830,0.15198478754609823,0.02916071
831,0.6573208589106798,1.1118324
832,0.4901633048430085,0.68903404
833,0.5590803623199463,0.34546787
834,0.5035840272903442,0.9328566
835,0.6433001756668091,1.0273969
836,0.41121333837509155,1.9875792
837,0.38179171085357666,2.7084248
838,0.37770622968673706,0.035276208
839,0.42984609492123127,0.46196595
840,0.4652314092963934,3.8389044
841,0.5966108608990908,2.2349567
842,0.4791937470436096,0.5446114
843,0.5975931286811829,2.4750433
844,0.7662649750709534,0.4577736
845,0.4017900228500366,1.8140365
846,0.5411450862884521,0.48254135
847,0.480607807636261,0.5957785
848,0.49266067147254944,1.8565888
849,0.21688146889209747,0.11547642
850,0.6163008213043213,0.9964522
851,0.752691388130188,1.803038
852,0.6971162483096123,0.8132758
853,0.31434476375579834,0.04360604
854,0.3399173617362976,0.6357902
855,0.43408963084220886,0.11603757
856,0.7272536493837833,1.3760471
857,0.4298767149448395,1.4543383
858,0.44438326358795166,3.232347
859,0.3569877529516816,0.048158318
860,0.47281110286712646,0.19579478
861,0.41572481393814087,0.78979766
862,0.39281946420669556,0.9291632
863,0.6362806502729654,1.1946268
864,0.8464044332504272,2.2610195
865,0.659393846988678,1.6602437
866,0.5266305208206177,0.48359045
867,0.38957470655441284,0.08272125
868,0.43137693405151367,2.3500004
869,0.590647991746664,1.622779
870,0.3921112231910229,0.2341875
871,0.4285700023174286,0.9458246
872,0.3661554455757141,2.501263
873,0.5932649318128824,0.4459427
874,0.5202697133645415,1.4559423
875,0.28288814425468445,1.1840158
876,0.33214670419692993,0.7683517
877,0.4594072103500366,2.8620808
878,0.35323959589004517,1.2898554
879,0.4969472037628293,1.2753073
880,0.5797502398490906,1.9920769
881,0.5587064027786255,1.5177294
882,0.5120264291763306,1.1023656
883,0.8053242564201355,0.26469886
884,0.5554078817367554,0.99850607
885,0.3871311545372009,0.023118444
886,0.35722002387046814,5.0138087
887,0.6026062574237585,1.2457057
888,0.5534248352050781,2.68126
889,0.29913023114204407,0.019337207
890,0.45920464396476746,0.86645186
891,0.5823463797569275,0.95834374
892,0.7054525762796402,0.6727324
893,0.42678076680749655,0.9311959
894,0.39988040924072266,0.3343528
895,0.7033011447638273,1.2259051
896,0.4388328790664673,0.2830131
897,0.5657363515347242,1.2518079
898,0.5508540188893676,1.3399248
899,0.4273674786090851,0.4315183
900,0.55488764308393,0.48619553
901,0.21274323761463165,0.029313486
902,0.5582340955734253,0.31915268
903,0.5762530565261841,2.191885
904,0.5464407205581665,1.188767
905,0.30082911252975464,3.0741541
906,0.36009955406188965,0.9961928
907,0.4405703544616699,0.8335751
908,0.5903992056846619,3.4167256
909,0.566892683506012,0.6911271
910,0.610710084438324,2.7990022
911,0.6290378607809544,0.8718195
912,0.432413786649704,3.3992286
913,0.4886470437049866,0.17053904
914,0.44870030879974365,0.05716129
915,0.4089087247848511,1.2292409
916,0.4068816304206848,0.90718293
917,0.45601212978363037,1.7560107
918,0.5044921636581421,3.9155047
919,0.7912911176681519,0.980248
920,0.49626314640045166,0.1488066
921,0.3630314180627465,0.6286196
922,0.4214864671230316,1.1512659
923,0.3648073077201843,0.09156471
924,0.37754541635513306,2.5273545
925,0.5366291999816895,0.33547425
926,0.34629082679748535,0.1551918
927,0.6976858973503113,0.72890705
928,0.6579874753952026,0.54037297
929,0.38185009825974703,2.1519291
930,0.33927953243255615,3.5269735
931,0.514419436454773,1.7983606
932,0.5970463156700134,0.76209956
933,0.4679284691810608,1.3702413
934,0.5374084711074829,0.05992268
935,0.46945565938949585,4.7071867
936,0.25362515449523926,4.339336
937,0.32664209604263306,0.15535681
938,0.624306321144104,1.0588214
939,0.30052699241787195,4.2819
940,0.5903491973876953,0.9892927
941,0.5022952556610107,2.1395621
942,0.27583407144993544,0.04436735
943,0.35600852966308594,1.4990506
944,0.43853631615638733,0.055142634
945,0.6182982921600342,3.9845693
946,0.3010936379432678,0.11481012
947,0.6431386936455965,1.3866942
948,0.45380568504333496,2.2871103
949,0.42094558477401733,1.3798885
950,0.5084936618804932,0.06500325
951,0.3984869420528412,1.9948584
952,0.49671098589897156,1.0564684
953,0.48636358976364136,0.89561385
954,0.7046986818313599,1.0202975
955,0.5225559985265136,0.4550936
956,0.530888557434082,1.2509063
957,0.7260578274726868,1.7334297
958,0.3140188157558441,1.7816333
959,0.3772963881492615,0.854486
960,0.5376263856887817,1.8257784
961,0.2866894006729126,0.28426066
962,0.4117802679538727,0.04359261
963,0.41926878690719604,0.6176866
964,0.5389931797981262,1.1727146
965,0.5832116808742285,1.2941841
966,0.6091394424438477,0.3942618
967,0.3115794574841857,0.19590707
968,0.46415024995803833,0.5342917
969,0.5948580298572779,1.5436133
970,0.44530756957829,0.06286546
971,0.6674785912036896,2.636496
972,0.6500521302223206,0.64162344
973,0.3269524872303009,2.5109267
974,0.4559832811355591,1.7943617
975,0.3874506652355194,0.15289459
976,0.2658505439758301,1.8457639
977,0.539466142654419,2.0821607
978,0.3789859712123871,0.0792245
979,0.5950726270675659,1.5574422
980,0.34059630427509546,0.05657636
981,0.4557185769081116,0.65605843
982,0.322456032037735,1.2950705
983,0.7114434242248535,0.8357395
984,0.24803385976701975,0.15158075
985,0.7258023023605347,2.411067
986,0.36028605699539185,0.23237854
987,0.1953201382420957,0.10098025
988,0.5076835751533508,0.77893317
989,0.6235325336456299,2.1689768
990,0.3839675188064575,0.13158162
991,0.29749059677124023,4.6883655
992,0.5179987400770187,0.7314009
993,0.3210797430947423,0.097050436
994,0.5767245767638087,0.6781446
995,0.506732352077961,0.8983096
996,0.4272035602480173,1.5411669
997,0.4276275038719177,1.6159612
998,0.5318371057510376,2.6949553
999,0.569172739982605,0.9205268
1000,0.5491584539413452,0.50151896
1001,0.3586609363555908,2.4885318
1002,0.7793747186660767,3.551461
1003,0.717200517654419,2.2332814
1004,0.4353265166282654,1.4559445
1005,0.23737193644046783,0.14026828
1006,0.7200967073440552,2.6676083
1007,0.41046708449721336,1.405642
1008,0.5582616366446018,1.9538549
1009,0.354555606842041,1.1965946
1010,0.6174500603228807,0.9833542
1011,0.45386356115341187,0.37817737
1012,0.22762379236519337,0.8080944
1013,0.31421953439712524,1.3792464
1014,0.4589409828186035,1.03653
1015,0.35876344330608845,1.6630015
1016,0.33672040700912476,0.07388005
1017,0.20892564300447702,0.020596934
1018,0.35774528980255127,1.0462167
1019,0.5169525146484375,1.488013
1020,0.7294463515281677,3.00901
1021,0.1689281826838851,0.04795694
1022,0.4440721566788852,0.14611411
1023,0.7262090444564819,0.033856455
1024,0.6619503498077393,2.628713
1025,0.2890055477619171,1.3627527
1026,0.6201151013374329,1.6388057
1027,0.6017931699752808,1.1132672
1028,0.6305965781211853,0.31000355
1029,0.2817702293395996,0.07637155
1030,0.5440498292446136,1.292356
1031,0.5912404209375381,1.5236217
1032,0.3392862635664642,1.0393121
1033,0.7115178108215332,2.7818613
1034,0.45459693670272827,1.7039131
1035,0.4724588394165039,0.19028348
1036,0.41230499744415283,2.41927
1037,0.5102944932878017,0.50140315
1038,0.3170010447502136,0.1608764
1039,0.46694517135620117,2.668152
1040,0.5213522911071777,2.4456658
1041,0.46018913853913546,0.420735
1042,0.7000695466995239,0.8470251
1043,0.4727088212966919,1.4467616
1044,0.4508552551269531,0.1990282
1045,0.47063425183296204,2.3022735
1046,0.34616943448781967,0.25526592
1047,0.5065162181854248,0.86518973
1048,0.4742884039878845,0.27214697
1049,0.3999402951449156,1.2990433
1050,0.1259004920721054,0.12788329
1051,0.431976854801178,1.3372461
1052,0.32425398007035255,0.43046153
1053,0.7551215887069702,1.4284298
1054,0.46618105191737413,0.3552638
1055,0.5386516451835632,4.791878
1056,0.5758593678474426,1.5704973
1057,0.315055251121521,1.6778942
1058,0.6504774764180183,1.0664095
1059,0.4046520674601197,0.21060766
1060,0.1697633257135749,0.030615984
1061,0.5583686139434576,0.21038206
1062,0.31071603298187256,0.06368359
1063,0.3316851854324341,0.14980665
1064,0.5313781499862671,1.9107488
1065,0.5244399309158325,2.8377573
1066,0.43966859579086304,4.2550054
1067,0.6362247467041016,2.0180025
1068,0.3443859815597534,2.4214773
1069,0.23969607055187225,0.14485617
1070,0.3300231099128723,0.028741477
1071,0.6187531910836697,0.4259381
1072,0.5502257347106934,1.5328213
1073,0.3414706587791443,0.033337846
1074,0.31814783811569214,1.6387224
1075,0.31865739822387695,0.527524
1076,0.6191227436065674,1.8559362
1077,0.5557746291160583,4.6194434
1078,0.6730914115905762,3.469476
1079,0.5623288154602051,2.1080682
1080,0.46797603368759155,2.314637
1081,0.5860677361488342,3.1402338
1082,0.33319419622421265,0.039774444
1083,0.6746957302093506,1.6896442
1084,0.49769254960119724,0.78424525
1085,0.4873238205909729,0.43435434
1086,0.3271379116922617,0.1159016
1087,0.35144317150115967,3.5443246
1088,0.3548184633255005,1.3604474
1089,0.5240142699331045,1.6243626
1090,0.6761131547391415,1.6156429
1091,0.508255124092102,2.3140764
1092,0.5180238485336304,1.2665275
1093,0.6018208861351013,1.1637659
1094,0.5986617244780064,0.8885048
1095,0.4440971612930298,3.102806
1096,0.6001851549372077,0.7334665
1097,0.3289593756198883,1.1540768
1098,0.39499297738075256,2.6504316
1099,0.7053169012069702,0.8151061
1100,0.45924872159957886,1.2753183
1101,0.2752579152584076,0.98330396
1102,0.5366827845573425,3.0123003
1103,0.4611753523349762,1.3759103
1104,0.6689513325691223,0.40204155
1105,0.38041952252388,2.2124898
1106,0.7064533829689026,1.6248044
1107,0.42459359765052795,0.22905989
1108,0.5242550643160939,0.400991
1109,0.4634009776636958,0.31744036
1110,0.27288416028022766,2.6405196
1111,0.5074973413720727,0.31949836
1112,0.34933608770370483,1.8809
1113,0.37683403491973877,0.5583145
1114,0.36878499388694763,1.7776998
1115,0.44595093186944723,1.482881
1116,0.351354718208313,0.3706003
1117,0.41165077686309814,1.022681
1118,0.31803596019744873,0.15873547
1119,0.45213043689727783,3.42272
1120,0.48006756603717804,2.2414396
1121,0.5736667774617672,2.3762348
1122,0.452340692281723,3.0344396
1123,0.26045739091932774,0.11270839
1124,0.5864576101303101,0.94403994
1125,0.3743477761745453,0.43716195
1126,0.41773873567581177,2.6432147
1127,0.25771328806877136,0.96888334
1128,0.38914012908935547,0.42176557
1129,0.3435625433921814,0.072701305
1130,0.6410068925470114,1.0084754
1131,0.5651623010635376,0.7086786
1132,0.4914176883175969,1.87845
1133,0.4426116943359375,0.785098
1134,0.5012404471635818,0.8040856
1135,0.3948460519313812,0.9269111
1136,0.22348634898662567,0.19363298
1137,0.427873095497489,0.5360056
1138,0.5270613431930542,1.3340917
1139,0.3472654325887561,1.1144212
1140,0.4290626049041748,0.0863648
1141,0.5380709432065487,0.94858855
1142,0.3025471270084381,1.2207469
1143,0.5883300304412842,0.16186391
1144,0.43249034881591797,1.4368459
1145,0.6390552781522274,0.9838242
1146,0.4944950258359313,0.3147359
1147,0.33417996764183044,1.6546658
1148,0.38146543502807617,1.5205603
1149,0.42360758781433105,1.5332215
1150,0.4160190522670746,0.12336335
1151,0.4488873779773712,0.13997743
1152,0.309005512855947,0.04391527
1153,0.29076236486434937,1.6952571
1154,0.30590783432126045,0.25046977
1155,0.6028360314667225,2.049094
1156,0.593435525894165,0.9238836
1157,0.24227023124694824,0.06362611
1158,0.33931810315698385,1.359748
1159,0.5832719206809998,0.27342644
1160,0.8139225840568542,0.7630132
1161,0.44069287180900574,0.006559604
1162,0.6087826453149319,0.77066684
1163,0.4932244401425123,2.8652058
1164,0.6179604530334473,3.1751757
1165,0.45427702367305756,0.40455103
1166,0.46775364875793457,4.052844
1167,0.22784972190856934,2.7969062
1168,0.34225398302078247,0.02395979
1169,0.5972185134887695,1.308732
1170,0.5833140015602112,2.8925765
1171,0.7689515352249146,1.5948862
1172,0.5281447442248464,0.38505176
1173,0.3275795578956604,0.032378342
1174,0.44022896885871887,1.2497009
1175,0.46515345573425293,0.84718424
1176,0.49647088162600994,1.7175386
1177,0.778903603553772,1.7074354
1178,0.28238299302756786,1.0765046
1179,0.3539479374885559,1.8742265
1180,0.4768437147140503,2.348954
1181,0.48711613938212395,0.6298196
1182,0.3392749549821019,1.5243392
1183,0.3576962351799011,0.67213744
1184,0.48841995000839233,1.439568
1185,0.3266715407371521,1.3618848
1186,0.4655455946922302,1.3740953
1187,0.29241270385682583,0.36262476
1188,0.6636449694633484,1.1104047
1189,0.43371471017599106,1.100882
1190,0.26501911878585815,2.3775678
1191,0.46542036533355713,2.5231054
1192,0.8007870316505432,1.4174885
1193,0.5193441612645984,1.3520138
1194,0.515127269551158,1.6039457
1195,0.44122475385665894,0.032258123
1196,0.34420233964920044,1.4344902
1197,0.4097537398338318,0.49121293
1198,0.5820046067237854,0.029032763
1199,0.4662642478942871,0.78431517
1200,0.42722633853554726,2.1924434
1201,0.33808428049087524,3.3111258
1202,0.5173390507698059,1.198329
1203,0.4680659770965576,3.11445
1204,0.4690040349960327,0.0904088
1205,0.5784417390823364,0.48690924
1206,0.4918674826622009,1.156494
1207,0.5258853435516357,2.187075
1208,0.6617511510848999,1.4398053
1209,0.7733871936798096,1.5235819
1210,0.5066943764686584,2.7723653
1211,0.2348521687090397,0.011440166
1212,0.24596861377358437,0.51559293
1213,0.3667740523815155,0.89278734
1214,0.5490410327911377,0.41391745
1215,0.3473414182662964,3.3101287
1216,0.33270853757858276,0.008492414
1217,0.5229358077049255,0.4232706
1218,0.5613854555413127,1.4636884
1219,0.4913303256034851,0.969282
1220,0.5934815164655447,2.3569043
1221,0.510805606842041,1.8112388
1222,0.21210773289203644,0.20593862
1223,0.44098392128944397,0.6006663
1224,0.5183038711547852,0.6432295
1225,0.4402247369289398,0.71373945
1226,0.19634472439065576,0.045690026
1227,0.566386342048645,2.9263997
1228,0.5217103362083435,3.2969053
1229,0.6437839269638062,0.88085014
1230,0.5917948484420776,1.660167
1231,0.29822349548339844,1.1687492
1232,0.4289766252040863,2.0084515
1233,0.3256520628929138,4.2038856
1234,0.5407974720001221,3.8832245
1235,0.30767179373651743,0.7621084
1236,0.4207784328609705,0.087256216
1237,0.3050693152472377,0.68134135
1238,0.6130172610282898,0.6700185
1239,0.536678328178823,0.30228364
1240,0.36249759793281555,2.0363233
1241,0.3029050827026367,0.07629934
1242,0.6043077707290649,0.8911866
1243,0.5010218610987067,3.0144455
1244,0.54598069190979,1.1838498
1245,0.4650811553001404,2.2301314
1246,0.4238766524940729,1.3867097
1247,0.5087137818336487,2.603528
1248,0.35811281204223633,0.008252331
1249,0.3753318786621094,2.0857801
1250,0.3862835466861725,1.88773
1251,0.19574794080108404,0.0389704
1252,0.34301337599754333,3.1941483
1253,0.540239155292511,0.69781524
1254,0.7772761583328247,0.4740348
1255,0.6093680188059807,1.2716168
1256,0.6466988325119019,1.8180523
1257,0.5072718858718872,0.56186426
1258,0.465158823877573,0.7673924
1259,0.32797831296920776,0.35233086
1260,0.6327779442071915,0.21552517
1261,0.6802046298980713,1.1640941
1262,0.5681886151432991,0.37050298
1263,0.3732982277870178,0.014572372
1264,0.6898865979164839,2.8998363
1265,0.32884466648101807,0.21509357
1266,0.4384719729423523,1.3111684
1267,0.586590813472867,1.1781901
1268,0.5242804810404778,0.49135536
1269,0.24529631435871124,0.053771462
1270,0.634350061416626,1.5634243
1271,0.47320646047592163,0.8045604
1272,0.4541645646095276,1.7249451
1273,0.43574532866477966,0.9528464
1274,0.4861730933189392,1.0321182
1275,0.576415590941906,2.6299322
1276,0.5844874382019043,1.6933106
1277,0.24228334426879883,1.9282751
1278,0.2234976887702942,0.07014046
1279,0.2679510712623596,1.2700994
1280,0.5641125440597534,0.034705486
1281,0.5918266177177429,1.0350338
1282,0.11177071183919907,0.07775701
1283,0.5219494700431824,0.1261938
1284,0.45766890048980713,0.7802396
1285,0.4063090970739722,1.8075949
1286,0.7447299808263779,2.0196767
1287,0.2927493155002594,0.080712035
1288,0.5850259866565466,1.6825805
1289,0.4199302028864622,1.3946464
1290,0.3060495853424072,1.9871145
1291,0.4871000936254859,0.07304454
1292,0.5451207160949707,1.4007968
1293,0.3206006586551666,0.06179818
1294,0.5155956745147705,1.0116063
1295,0.43269730266183615,0.45368606
1296,0.4461635947227478,1.8256685
1297,0.5580768585205078,1.7016125
1298,0.4281482584774494,0.4515284
1299,0.3900318443775177,0.30986604
1300,0.3436037302017212,3.7361577
1301,0.332964472938329,1.4556971
1302,0.5526822805404663,1.89917
1303,0.25746265053749084,0.02385719
1304,0.48517974466085434,0.19302303
1305,0.30112725496292114,0.013000292
1306,0.4665347933769226,1.9920834
1307,0.3552311658859253,0.095582135
1308,0.533800482749939,0.46160537
1309,0.33592545986175537,1.1872156
1310,0.41259852051734924,1.3000306
1311,0.6293870806694031,1.0844202
1312,0.3630253076553345,1.2753439
1313,0.4926866888999939,0.33869112
1314,0.3692628089338541,0.7591297
1315,0.4793625771999359,1.8293078
1316,0.3439807491376996,0.73183286
1317,0.3586319386959076,0.60561645
1318,0.4078027009963989,0.04747945
1319,0.41213256027549505,0.47983378
1320,0.47787123918533325,1.9736942
1321,0.5691893100738525,0.8062284
1322,0.5639033317565918,0.24370797
1323,0.2566985283046961,0.8688072
1324,0.464454747736454,1.137649
1325,0.43496906757354736,1.833904
1326,0.5903974175453186,0.98372173
1327,0.42348378896713257,0.07834719
1328,0.3498927354812622,0.31078172
1329,0.37758868932724,3.9352288
1330,0.38653355836868286,0.9063552
1331,0.7215604186058044,1.4630849
1332,0.5485012531280518,1.1510174
1333,0.5902529954910278,1.1894884
1334,0.280717134475708,0.42235902
1335,0.5899566411972046,3.7910285
1336,0.35274686105549335,2.5248413
1337,0.3566940873861313,0.8729165
1338,0.5453283190727234,0.8688297
1339,0.31299351900815964,0.10885289
1340,0.6473230067640543,1.054919
1341,0.49239879846572876,2.1831312
1342,0.6027228832244873,3.3810005
1343,0.3644933681935072,0.16613053
1344,0.3287454843521118,0.1333876
1345,0.4563109278678894,1.0053204
1346,0.4652842879295349,1.5187249
1347,0.23560587596148252,0.044882048
1348,0.3731629252433777,1.1105902
1349,0.7213985919952393,1.3881004
1350,0.3359783887863159,1.6018202
1351,0.20565655827522278,1.7466967
1352,0.5125821828842163,3.1433964
1353,0.3383634686470032,0.74884963
1354,0.5000035827979445,1.9845954
1355,0.5962872160598636,1.0765481
1356,0.3312285840511322,1.7959548
1357,0.5957711935043335,1.1473241
1358,0.41818001866340637,1.5382559
1359,0.38297764398157597,1.4598167
1360,0.5994032621383667,1.2811849
1361,0.44561026338487864,1.8048832
1362,0.3851970136165619,0.48366728
1363,0.42979955673217773,1.432721
1364,0.6277848314493895,0.25514537
1365,0.5252550169825554,2.1294532
1366,0.5370445847511292,0.120733194
1367,0.3209124207496643,0.99535716
1368,0.39421023800969124,2.0773509
1369,0.4632301926612854,1.4149357
1370,0.5035732984542847,1.8468181
1371,0.37811640556901693,2.636317
1372,0.29346545971930027,0.036356207
1373,0.3732142150402069,1.3119692
1374,0.4778606593608856,0.51543224
1375,0.5764883607625961,0.23750503
1376,0.2921546995639801,1.208236
1377,0.368109792470932,0.61508256
1378,0.47488999366760254,0.77108294
1379,0.40199077129364014,0.04173923
1380,0.27149519324302673,0.8797591
1381,0.7789052724838257,0.93338287
1382,0.1320689395070076,0.099415295
1383,0.4249657392501831,0.8400935
1384,0.26120004057884216,0.9554761
1385,0.5311185717582703,0.529272
1386,0.3914339542388916,0.60283345
1387,0.44732670951634645,0.88655835
1388,0.5917723588645458,0.98019975
1389,0.5951640009880066,0.38753787
1390,0.673853874206543,1.5559897
1391,0.6002192497253418,0.21674523
1392,0.4988290071487427,1.4950433
1393,0.6806436777114868,0.5512459
1394,0.386567085981369,0.8344082
1395,0.2485230378806591,0.31835988
1396,0.7297223806381226,1.3814456
1397,0.6771001815795898,1.9585873
1398,0.27263548970222473,0.19509414
1399,0.3475095331668854,1.0697191
1400,0.6242667213082314,0.7570799
1401,0.4128346936777234,2.5388699
1402,0.19688471872359514,0.2656602
1403,0.2626808285713196,1.1091884
1404,0.509564995765686,1.3729805
1405,0.5125529766082764,1.8996412
1406,0.6713095903396606,0.3336236
1407,0.7114224433898926,1.2328444
1408,0.4956235885620117,1.4760594
1409,0.5641218237578869,0.14639132
1410,0.5504383444786072,1.6650068
1411,0.5472976984456182,1.9764174
1412,0.6672871876507998,0.8538232
1413,0.15522399079054594,0.14811072
1414,0.491609126329422,1.0708001
1415,0.35072994232177734,0.08524798
1416,0.4408642053604126,1.1815197
1417,0.49888603296130896,1.471073
1418,0.620879783295095,1.8870976
1419,0.4323795437812805,1.451398
1420,0.5514070987701416,0.557366
1421,0.4676702320575714,2.060023
1422,0.39577966928482056,3.3932273
1423,0.36673545837402344,0.21297546
1424,0.6016007661819458,0.47071862
1425,0.3094084560871124,0.6651466
1426,0.6477670781314373,0.5748334
1427,0.2324675638228655,0.17951109
1428,0.6221462488174438,4.6254406
1429,0.5444327080622315,1.5714777
1430,0.3959688041359186,0.53768575
1431,0.4994770586490631,0.4393685
1432,0.5032954709604383,0.68447196
1433,0.6180703639984131,0.9860452
1434,0.32287341356277466,1.1445659
1435,0.44264017045497894,1.3398104
1436,0.7986641526222229,2.7262423
1437,0.4705227119848132,1.5085528
1438,0.3410350205376744,0.064807974
1439,0.5329919205978513,0.7789928
1440,0.41403162479400635,1.2862587
1441,0.36399543285369873,3.573556
1442,0.5526895988732576,0.6452556
1443,0.5103840827941895,0.3662911
1444,0.5222051739692688,1.3304332
1445,0.37158697843551636,0.06236069
1446,0.5847209198400378,2.7136743
1447,0.29005858302116394,4.5414906
1448,0.5276147052645683,1.2524768
1449,0.5557381510734558,2.0729806
1450,0.5658515095710754,1.6838086
1451,0.49589516781270504,2.223482
1452,0.3383050560951233,0.77534276
1453,0.5701725482940674,0.46267712
1454,0.21480870246887207,0.6759219
1455,0.27766185998916626,1.9239789
1456,0.5994848115369678,2.4489233
1457,0.6736447811126709,1.1675198
1458,0.6900018453598022,1.5446126
1459,0.5327377319335938,2.737721
1460,0.5911432690918446,1.3700769
1461,0.4094693660736084,1.249532
1462,0.6127157211303711,1.7126052
1463,0.29401540756225586,4.963932
1464,0.44986766669899225,0.81525916
1465,0.5613555908203125,2.8323054
1466,0.29659634828567505,0.11261612
1467,0.5144693003967404,1.7169175
1468,0.39763983245939016,2.6245291
1469,0.4664766788482666,0.436042
1470,0.3155477046966553,1.1891788
1471,0.6777379512786865,1.8713676
1472,0.4207357168197632,0.4503609
1473,0.7325167655944824,1.6860075
1474,0.5060311555862427,1.5444273
1475,0.6921783033758402,0.31976494
1476,0.6413642968982458,1.3789921
1477,0.3234695792198181,0.22364187
1478,0.48713378608226776,0.22556219
1479,0.5201526703312993,0.757686
1480,0.7363919019699097,0.15725268
1481,0.7065680027008057,1.4813157
1482,0.5713855624198914,1.8026867
1483,0.54720139503479,1.4619167
1484,0.5172015428543091,1.1118083
1485,0.2964128851890564,0.20749965
1486,0.42026031017303467,1.7807424
1487,0.5051122028380632,1.0139335
1488,0.5615893602371216,2.1571007
1489,0.5231074690818787,2.2525353
1490,0.3236091136932373,1.6908053
1491,0.3594990372657776,0.92695326
1492,0.32232430577278137,0.87295085
1493,0.5252062082290649,1.1743737
1494,0.6113430261611938,2.878052
1495,0.36806533113121986,0.64394796
1496,0.6199944410473108,0.38123912
1497,0.7158758640289307,1.2109358
1498,0.24690133798867464,0.09151724
1499,0.37980011105537415,6.345616
1500,0.7627597451210022,2.0451963
1501,0.4055885076522827,1.228551
1502,0.42216116189956665,1.3545305
1503,0.3410900831222534,1.2105784
1504,0.6357753276824951,1.5570495
1505,0.4744336009025574,1.6403565
1506,0.4882276952266693,1.54139
1507,0.5047111678868532,1.5729353
1508,0.5784335136413574,2.76374
1509,0.38657885789871216,1.2641186
1510,0.4145462419837713,1.819513
1511,0.49076157808303833,1.0130901
1512,0.28044789750128984,0.18940932
1513,0.48944863490760326,1.6153638
1514,0.37858352065086365,0.26522598
1515,0.4607829451560974,4.1961756
1516,0.5433232644572854,1.6499432
1517,0.35510486364364624,0.83815575
1518,0.4982658326625824,0.9369294
1519,0.6975277215242386,0.913209
1520,0.42464667558670044,2.6914418
1521,0.43308496475219727,1.4632348
1522,0.34600405022501945,0.8507815
1523,0.4829624891281128,1.0790879
1524,0.33316802978515625,2.224051
1525,0.5942599773406982,0.24967135
1526,0.42541444301605225,0.28171566
1527,0.5236624479293823,1.1013366
1528,0.6230597030371428,0.9842676
1529,0.49542826414108276,1.4963282
1530,0.5200155377388,2.6771936
1531,0.48676443099975586,0.72565866
1532,0.33498138189315796,0.1479335
1533,0.4636338949203491,1.0022776
1534,0.19180946052074432,0.04726735
1535,0.453044056892395,2.1727872
1536,0.49171265959739685,0.7571002
1537,0.39402449131011963,0.914484
1538,0.28749504685401917,2.1307535
1539,0.6505207568407059,0.59627426
1540,0.4905277984216809,0.12146268
1541,0.2468233583495021,0.11133307
1542,0.35920795798301697,0.6724089
1543,0.3958030045032501,0.05683001
1544,0.35281670093536377,4.7630124
1545,0.6166927814483643,4.3856816
1546,0.47820816095918417,1.1642423
1547,0.2123626172542572,0.101149864
1548,0.6800797581672668,1.7567803
1549,0.458686888217926,1.1260189
1550,0.4544544517993927,0.48781583
1551,0.4115584194660187,0.07409585
1552,0.4943989869207144,0.23454079
1553,0.5269209742546082,0.35493973
1554,0.5907800421118736,0.4169017
1555,0.46674057841300964,2.7047858
1556,0.24090071022510529,0.3325391
1557,0.6168069839477539,1.5326921
1558,0.5129791982471943,0.95180243
1559,0.47720271348953247,1.9247203
1560,0.5854461109265685,0.5630094
1561,0.5990743637084961,0.34186277
1562,0.45014050602912903,3.9693742
1563,0.42617807909846306,1.2178538
1564,0.2586223599500954,3.511306
1565,0.3443647027015686,2.2541993
1566,0.3573059141635895,2.410429
1567,0.8073198795318604,3.2803292
1568,0.4966876208782196,2.285471
1569,0.3333551585674286,0.29772905
1570,0.49279171228408813,0.73787636
1571,0.35549113154411316,3.6484225
1572,0.5355794290080667,0.52019715
1573,0.4898468852043152,1.425184
1574,0.4596700668334961,1.2595632
1575,0.4950304925441742,0.73821807
1576,0.6153152585029602,0.9484373
1577,0.43944217823445797,1.8540959
1578,0.4109598994255066,1.1845495
1579,0.30250978469848633,1.7657303
1580,0.3696526288986206,0.12628904
1581,0.33725374937057495,0.44909748
1582,0.5799483992159367,1.1020668
1583,0.4253162327222526,1.5124968
1584,0.39343732595443726,3.193269
1585,0.5441631386056542,1.2231975
1586,0.5484782457351685,0.27661157
1587,0.748333752155304,1.1130878
1588,0.32196173071861267,0.13703531
1589,0.5491774994879961,0.6143001
1590,0.39190930128097534,2.526517
1591,0.3538786768913269,1.1286966
1592,0.553080677986145,0.96349424
1593,0.7080639600753784,1.7897005
1594,0.23393456637859344,0.5027179
1595,0.5675057172775269,0.08856737
1596,0.40455353260040283,0.24716265
1597,0.6395283937454224,2.867503
1598,0.3535614013671875,0.98730224
1599,0.4040917158126831,1.0213267
1600,0.7062816619873047,1.2457669
1601,0.5268361158668995,0.13323092
1602,0.34140855073928833,1.6562918
1603,0.5869699716567993,0.7653025
1604,0.3308841288089752,0.94726884
1605,0.6946627497673035,0.49785572
1606,0.35987043380737305,0.29174596
1607,0.1675139358267188,0.40505636
1608,0.45186373591423035,1.1815858
1609,0.598630428314209,2.8965142
1610,0.5170668959617615,5.0686955
1611,0.3069480685517192,0.040151782
1612,0.27460187673568726,1.1673684
1613,0.3789432644844055,1.7216713
1614,0.405691621825099,0.29484424
1615,0.6532951593399048,1.8888856
1616,0.4124144511297345,2.168378
1617,0.31030499935150146,0.2641571
1618,0.4585368037223816,2.8758962
1619,0.41021740436553955,0.19116631
1620,0.5633766651153564,0.9168328
1621,0.3582388758659363,2.7192392
1622,0.41424229741096497,0.30495173
1623,0.6813706159591675,2.884172
1624,0.6873167753219604,0.9415849
1625,0.32581913471221924,3.4574308
1626,0.3887656331062317,0.25364697
1627,0.7225586175918579,0.028654922
1628,0.16804912313818932,0.17886037
1629,0.6922721862792969,1.5316399
1630,0.5238027572631836,0.35789925
1631,0.7210053205490112,1.2004198
1632,0.45068657398223877,1.2435944
1633,0.2652532896026969,0.017706674
1634,0.4755222797393799,2.2172039
1635,0.6217102408409119,3.6377082
1636,0.34618711471557617,0.2791132
1637,0.47562873363494873,0.34257302
1638,0.37929064966738224,2.7314699
1639,0.6753520965576172,2.8178213
1640,0.3674108348786831,0.1873787
1641,0.738572895526886,0.472519
1642,0.3338322639465332,0.14769728
1643,0.33513012528419495,0.4626829
1644,0.48329418897628784,0.3078425
1645,0.19830208085477352,0.1660899
1646,0.5087156295776367,4.218879
1647,0.5073718428611755,0.24132289
1648,0.6013669967651367,2.5826426
1649,0.5313241481781006,1.6031864
1650,0.607992947101593,2.1620312
1651,0.4675602912902832,0.6079748
1652,0.585869480855763,2.91171
1653,0.4422872066497803,2.2001112
1654,0.4549729973077774,0.41382694
1655,0.4619005620479584,3.6943655
1656,0.39713576436042786,0.05756456
1657,0.3208380779251456,0.19254933
1658,0.33345943689346313,0.6191826
1659,0.5146859008818865,1.0910788
1660,0.5610756119713187,1.0985572
1661,0.3883767072111368,0.7486022
1662,0.4575873613357544,0.58437216
1663,0.40682166814804077,0.094186604
1664,0.32817673683166504,0.31202728
1665,0.6944442987442017,1.9746033
1666,0.4224752187728882,0.912073
1667,0.5736071728169918,1.5608395
1668,0.468688428401947,2.6224704
1669,0.5519718527793884,2.688789
1670,0.34816477354615927,1.1597682
1671,0.5631656050682068,1.4493937
1672,0.47582523338496685,0.107713394
1673,0.6894361972808838,0.58065414
1674,0.695395914837718,0.62381893
1675,0.35227254033088684,0.1158618
1676,0.7392747402191162,2.2093751
1677,0.4476052364334464,0.11876463
1678,0.4168103509582579,0.659235
1679,0.49806416034698486,0.09922226
1680,0.678172692656517,1.307862
1681,0.31405407190322876,6.7629976
1682,0.318820595741272,0.0049412455
1683,0.45437029004096985,1.5976423
1684,0.3964523673057556,1.5740527
1685,0.3074079155921936,0.25086477
1686,0.4468289613723755,0.08306822
1687,0.4196092840284109,0.9555941
1688,0.4591459035873413,0.06380031
1689,0.3337531089782715,1.1591996
1690,0.734477162361145,0.81663513
1691,0.49412810802459717,0.065826915
1692,0.6613079309463501,1.561547
1693,0.5737349987030029,0.7353085
1694,0.4739478724077344,0.34196812
1695,0.4911975860595703,0.42059624
1696,0.3173740804195404,1.9701626
1697,0.4438171982765198,1.3398467
1698,0.7134488373994827,1.509997
1699,0.5736060738563538,1.4930191
1700,0.5773710012435913,3.8514
1701,0.6993799209594727,1.2967801
1702,0.648215651512146,1.1253219
1703,0.5016661882400513,1.052044
1704,0.6419198969379067,1.5846081
1705,0.711955938488245,1.2477047
1706,0.5129633452743292,0.6710751
1707,0.39913713932037354,3.9684324
1708,0.4871223270893097,2.8166559
1709,0.5417290134355426,1.5623558
1710,0.45488274097442627,1.3930949
1711,0.4363279459066689,0.054971226
1712,0.3272622525691986,0.692659
1713,0.5315660834312439,4.24094
1714,0.39524412155151367,0.21623002
1715,0.5259164571762085,2.6553023
1716,0.4623924493789673,0.6034439
1717,0.5716602206230164,0.15159619
1718,0.5465137958526611,1.4581378
1719,0.4438927695155144,1.0560476
1720,0.21206145826727152,0.08425303
1721,0.6336545944213867,1.8476793
1722,0.35402652621269226,2.2976487
1723,0.48563289642333984,0.92895293
1724,0.3563782274723053,3.1519008
1725,0.6398308034986258,1.8819559
1726,0.3754475824534893,1.0834929
1727,0.4000272750854492,1.4438552
1728,0.2867741882801056,1.2720727
1729,0.4661378860473633,0.5115305
1730,0.8119840621948242,1.0316843
1731,0.7744520902633667,0.82327
1732,0.4352988125756383,0.38150716
1733,0.39922428131103516,1.3026792
1734,0.4428556561470032,1.8124323
1735,0.5824708342552185,3.6301672
1736,0.46688684448599815,1.2840543
1737,0.5345433056354523,1.9086118
1738,0.35608232021331787,0.085484505
1739,0.3773021996021271,1.7319623
1740,0.5650043487548828,1.2960111
1741,0.4678911566734314,0.08373483
1742,0.3588922321796417,0.117361195
1743,0.5380842089653015,1.4925486
1744,0.5236692167818546,2.1331432
1745,0.6762322783470154,0.96505886
1746,0.31989359855651855,0.060202375
1747,0.5148686170578003,1.5891693
1748,0.5915944576263428,0.5593229
1749,0.32442644238471985,0.71660227
1750,0.36875271797180176,2.2900524
1751,0.3763751983642578,0.13939387
1752,0.6546600461006165,0.7280955
1753,0.4500725567340851,1.7706736
1754,0.29471027851104736,0.84546065
1755,0.18526382744312286,0.10035089
1756,0.3963997308164835,0.23577875
1757,0.5118386745452881,1.3894534
1758,0.6805198192596436,0.22570904
1759,0.7672886252403259,1.4402173
1760,0.3000521659851074,1.1319607
1761,0.248553566634655,0.41585606
1762,0.6964890956878662,1.8884758
1763,0.5545584345236421,1.9633615
1764,0.4566487232223153,0.070969045
1765,0.4348885416984558,1.3319294
1766,0.6185966730117798,1.6854144
1767,0.8004060387611389,3.214685
1768,0.7518691420555115,0.9123588
1769,0.3243203377351165,0.599394
1770,0.33331046160310507,1.167533
1771,0.5104243755340576,1.1311542
1772,0.22237977664917707,0.04332295
1773,0.41539430618286133,0.21544993
1774,0.4365306496620178,3.303246
1775,0.48153322096914053,0.9394526
1776,0.3554798364639282,1.9731777
1777,0.2856577215716243,0.045597073
1778,0.4753534197807312,1.2964873
1779,0.5416640639305115,1.559943
1780,0.6133799068629742,0.69765204
1781,0.3880833387374878,3.8669462
1782,0.456145316362381,0.6454858
1783,0.35089051723480225,1.7570114
1784,0.6090846061706543,1.7013681
1785,0.6453758180141449,0.5645981
1786,0.21013590693473816,0.7496334
1787,0.45169806480407715,0.65617585
1788,0.4811613718047738,1.0067711
1789,0.42590249236673117,2.693229
1790,0.5024791955947876,1.578554
1791,0.3968420922756195,1.648707
1792,0.3631658535450697,0.7698045
1793,0.5337655544281006,0.6395162
1794,0.3774529695510864,0.052668486
1795,0.1541980942711234,0.05046934
1796,0.4078769087791443,1.133889
1797,0.5684559736400843,1.7079641
1798,0.3088108003139496,4.3000383
1799,0.36267325282096863,0.31310904
1800,0.40733322501182556,1.3358222
1801,0.5649391412734985,0.42304447
1802,0.39629581570625305,1.9426743
1803,0.27347835898399353,0.15117574
1804,0.36673885583877563,0.07876092
1805,0.3195110559463501,2.347043
1806,0.3562772870063782,0.46166041
1807,0.5727605819702148,0.13705829
1808,0.7465606927871704,0.94206154
1809,0.5798358917236328,0.6626603
1810,0.585930023342371,2.3352757
1811,0.43658723402768373,0.896785
1812,0.3598151570186019,1.1691165
1813,0.4983251094818115,1.5872612
1814,0.40737384557724,0.41093388
1815,0.3536829734221101,1.5975018
1816,0.5010230541229248,1.739752
1817,0.5882396697998047,1.2809747
1818,0.5323848128318787,0.4834801
1819,0.5697083789855242,0.43423018
1820,0.5749561339616776,1.6654867
1821,0.33480045199394226,2.041487
1822,0.4712505638599396,0.19638501
1823,0.2811383903026581,2.8482125
1824,0.6556392312049866,2.0041142
1825,0.46210640855133533,1.314014
1826,0.6243849396705627,1.0486261
1827,0.30819451808929443,1.0064311
1828,0.4183552861213684,0.53467494
1829,0.7343975305557251,2.8063636
1830,0.7108522057533264,1.1140976
1831,0.26923360861837864,0.026272854
1832,0.47333407402038574,0.90929186
1833,0.4223807752132416,3.7023172
1834,0.2768823802471161,1.3378994
1835,0.29368752241134644,0.029292751
1836,0.4582484383136034,1.9587903
1837,0.7660890817642212,0.4297427
1838,0.575509786605835,2.1094697
1839,0.3052639365196228,1.4916358
1840,0.3807627856731415,0.07946865
1841,0.554281847551465,0.042704836
1842,0.47470009326934814,0.50540936
1843,0.46418607234954834,0.055128075
1844,0.5264875441789627,2.2659667
1845,0.3919408917427063,1.2875628
1846,0.3237730860710144,0.99510616
1847,0.6119602834805846,0.38207507
1848,0.6655795574188232,1.5696561
1849,0.4804418683052063,0.97453004
1850,0.6529897451400757,1.7230128
1851,0.36556071043014526,0.7268398
1852,0.336854899302125,0.019568974
1853,0.5199566315859556,0.9511476
1854,0.29471319913864136,1.0670424
1855,0.7243174314498901,0.43299693
1856,0.3279122821986675,0.9348952
1857,0.44777292013168335,0.5836203
1858,0.4799572229385376,1.8593572
1859,0.652350127696991,0.074560985
1860,0.3551640808582306,0.28866744
1861,0.5035035610198975,1.5187474
1862,0.7649574875831604,1.0983055
1863,0.7314202785491943,2.256033
1864,0.29561999440193176,0.13370627
1865,0.5949827609583735,1.8868461
1866,0.48525798320770264,1.0557296
1867,0.4283536411821842,1.4052771
1868,0.6172130107879639,1.3819991
1869,0.5805028136819601,1.378926
1870,0.3399344338104129,0.8929273
1871,0.634724497795105,1.1856
1872,0.24156145844608545,0.048123088
1873,0.47704043984413147,0.23147017
1874,0.3959820866584778,0.2134225
1875,0.42021095752716064,2.2663367
1876,0.647355318069458,0.119147085
1877,0.4596035573631525,1.0081365
1878,0.4734500050544739,0.8178262
1879,0.671268105506897,1.8149354
1880,0.32549020648002625,0.1796231
1881,0.37054252345114946,1.2575673
1882,0.30693472269922495,0.17630953
1883,0.7328681945800781,2.7334263
1884,0.7181347291916609,2.6326385
1885,0.30770742893218994,0.05354041
1886,0.3570535406470299,0.48633
1887,0.5599820613861084,1.905048
1888,0.45494386553764343,0.04159261
1889,0.6004912257194519,2.8805273
1890,0.513196587562561,1.4118701
1891,0.31667107343673706,0.6309364
1892,0.7588821649551392,3.6262722
1893,0.30149318743497133,0.14138335
1894,0.4460092382505536,1.8103659
1895,0.47876012325286865,2.6331725
1896,0.501336932182312,1.231593
1897,0.5178804816678166,0.7756692
1898,0.2807505130767822,0.6955621
1899,0.3543292456306517,1.0872734
1900,0.436162531375885,5.8130245
1901,0.33193352818489075,0.19603053
1902,0.33666473627090454,1.5959895
1903,0.154586898162961,0.032882795
1904,0.45407172199338675,1.0576111
1905,0.563684344291687,0.54770666
1906,0.527704119682312,0.50755066
1907,0.7486562728881836,0.9936322
1908,0.6492491364479065,2.3638124
1909,0.4780392646789551,2.4000907
1910,0.4368088720366359,0.2515815
1911,0.4701728140935302,0.7523451
1912,0.28526389598846436,0.80842584
1913,0.22957633435726166,0.059471536
1914,0.4323935806751251,1.0321277
1915,0.43721339106559753,0.96339923
1916,0.4105123896151781,2.382352
1917,0.5192863941192627,0.0098234825
1918,0.2721187174320221,0.1325355
1919,0.24169242195785046,0.13342008
1920,0.48540908098220825,2.4984477
1921,0.3236888786777854,0.01748504
1922,0.34624900110065937,0.065980546
1923,0.6027265787124634,1.9530826
1924,0.5157705843448639,0.20776744
1925,0.4103776812553406,1.7759472
1926,0.5595288099721074,1.7875252
1927,0.4604322612285614,2.0268612
1928,0.4771956503391266,0.2298957
1929,0.7234493494033813,0.530287
1930,0.4225657880306244,0.39739797
1931,0.5270920991897583,0.21055645
1932,0.4140681028366089,1.2970284
1933,0.33234504144638777,0.084480084
1934,0.3301053047180176,0.12704508
1935,0.372644305229187,1.9712487
1936,0.4733468294143677,1.1737114
1937,0.551794171333313,1.1875596
1938,0.5333832986652851,0.10506332
1939,0.527144730091095,1.0651625
1940,0.18860976211726665,0.05122736
1941,0.38379813823848963,0.31447935
1942,0.4636310935020447,0.9151431
1943,0.2910863244906068,0.65879565
1944,0.4514870047569275,1.707874
1945,0.6179174780845642,1.9811183
1946,0.5194557309150696,0.98255503
1947,0.39033268205821514,0.6181151
1948,0.5497730057686567,1.9164246
1949,0.6548654343932867,0.6316057
1950,0.42229929100722075,0.74169296
1951,0.5395052526146173,0.535341
1952,0.522598147392273,2.0185933
1953,0.6985256671905518,0.685221
1954,0.4107670783996582,1.1297046
1955,0.437991738319397,0.9519267
1956,0.41661638021469116,1.8926961
1957,0.368598367087543,1.6780396
1958,0.370739609003067,4.0646725
1959,0.2991085648536682,1.3745216
1960,0.20749178528785706,0.03939504
1961,0.36314547061920166,1.758242
1962,0.6642354726791382,1.5169731
1963,0.7242320775985718,0.67834926
1964,0.551768159493804,1.0193557
1965,0.574409544467926,2.5559497
1966,0.37885531783103943,2.23135
1967,0.3379024863243103,3.596053
1968,0.6143923401832581,1.9370284
1969,0.34225955605506897,1.2630519
1970,0.6552911326289177,0.90891856
1971,0.4228150490671396,0.8907768
1972,0.5672393441200256,0.36690086
1973,0.38445571064949036,0.6379129
1974,0.5614954233169556,1.2772387
1975,0.3334205746650696,0.38828942
1976,0.5271896123886108,1.2278386
1977,0.2711562216281891,0.41585
1978,0.34689879417419434,0.12437345
1979,0.6848864741623402,0.13847414
1980,0.40389645751565695,0.43686092
1981,0.563317060470581,0.6750123
1982,0.5938994288444519,1.3968782
1983,0.7737087607383728,0.7413377
1984,0.19420208036899567,1.7878551
1985,0.49415159225463867,0.0846162
1986,0.3817225992679596,0.7865346
1987,0.34014832973480225,2.5498059
1988,0.26989296078681946,0.1077616
1989,0.24114377796649933,1.9300239
1990,0.30825456976890564,0.2047495
1991,0.2911397907882929,0.30660337
1992,0.22566150221973658,0.019618135
1993,0.4709915518760681,0.6984875
1994,0.33116620779037476,1.4239101
1995,0.5948535203933716,0.18007961
1996,0.19858822878450155,0.039321385
1997,0.3085426092147827,0.007670254
1998,0.6324826274067163,1.57826
1999,0.32586653949692845,0.25376925
2000,0.757057785987854,2.605728
2001,0.6501917839050293,1.6286393
2002,0.3545519709587097,0.12057237
2003,0.4216413386166096,1.3415685
2004,0.46592123806476593,0.26722693
2005,0.30597084760665894,1.0587416
2006,0.4990499019622803,1.5383266
2007,0.729791097342968,1.2371494
2008,0.473868390545249,0.49697685
2009,0.3851507306098938,0.16593824
2010,0.6612289529293776,1.596457
2011,0.3915119469165802,0.13194236
2012,0.2798501253128052,0.35821515
2013,0.519768238067627,2.6019228
2014,0.5148622384294868,0.41480106
2015,0.2936056097969413,0.3952262
2016,0.6896226406097412,1.6683316
2017,0.39598245825618505,0.028827053
2018,0.4243008494377136,1.7036511
2019,0.6239256858825684,1.0722286
2020,0.3947896361351013,0.05657015
2021,0.44759903382509947,0.83580756
2022,0.6555548906326294,2.4920735
2023,0.38660332560539246,1.3668435
2024,0.44602358527481556,0.59355384
2025,0.5780086517333984,0.68634754
2026,0.4355650246143341,0.6176198
2027,0.5602777898311615,1.2593029
2028,0.427038311958313,0.34200534
2029,0.604296850040555,1.4460626
2030,0.39618024230003357,1.1485116
2031,0.8224796056747437,6.6370287
2032,0.7237405776977539,0.9835254
2033,0.4791378974914551,0.110338725
2034,0.447888046503067,0.022870509
2035,0.4778388738632202,0.31118712
2036,0.6792142391204834,2.8740888
2037,0.44785438291728497,0.10822996
2038,0.6595728993415833,1.2049344
2039,0.4682321297004819,1.5499134
2040,0.47849143482744694,0.33492213
2041,0.63191600702703,1.5197762
2042,0.30545109510421753,1.1863523
2043,0.5058135390281677,1.8089936
2044,0.6810970101505518,0.92041117
2045,0.31141671538352966,2.114287
2046,0.35737344622612,0.11330944
2047,0.29374974966049194,0.88670176
2048,0.45455509424209595,2.2963026
2049,0.26400544214993715,1.4744878
2050,0.3133049011230469,2.29203
2051,0.46959321945905685,1.2100041
2052,0.4018189078196883,2.2207713
2053,0.4894934892654419,0.5367244
2054,0.46475520730018616,2.147757
2055,0.5199548006057739,3.1650765
2056,0.2563737230375409,0.043106306
2057,0.24179762601852417,2.6590538
2058,0.40744295716285706,1.1105425
2059,0.687110424041748,2.455249
2060,0.48797091841697693,0.39342034
2061,0.45183991827070713,1.8294797
2062,0.43814122676849365,0.16007182
2063,0.5202182531356812,1.8749516
2064,0.6915341317653656,0.99255633
2065,0.5376788377761841,3.2632608
2066,0.5633374452590942,0.68382514
2067,0.5778778195381165,1.8496433
2068,0.22184500098228455,3.117188
2069,0.4977371785789728,1.1915238
2070,0.6867048740386963,0.9288409
2071,0.3238341212272644,1.1129826
2072,0.6364531517028809,1.4308971
2073,0.2788882553577423,0.4076507
2074,0.35004907846450806,1.0323617
2075,0.2565855863504112,0.26389232
2076,0.6943875551223755,0.058948405
2077,0.8647062182426453,5.4918017
2078,0.2112448811531067,0.0784642
2079,0.3134295344352722,1.1257634
2080,0.6644685100764036,0.7144514
2081,0.4542196989059448,1.1304686
2082,0.3229590654373169,1.1923485
2083,0.5513200759887695,0.33566284
2084,0.5385847091674805,1.3741379
2085,0.3084343671798706,0.6237017
2086,0.44158852100372314,0.6208045
2087,0.4564932584762573,0.30042917
2088,0.5230791429057717,0.68655586
2089,0.4750169515609741,0.13516219
2090,0.6945241689682007,0.9618166
2091,0.45868444442749023,1.6172899
2092,0.5531782163307071,1.8595204
2093,0.41478365659713745,0.9283569
2094,0.3339495062828064,0.095217206
2095,0.34983235597610474,2.012343
2096,0.716227650642395,1.480429
2097,0.47830728255212307,1.087541
2098,0.41188251972198486,1.5534306
2099,0.25422585010528564,0.09186234
2100,0.3978796601295471,0.5809605
2101,0.37371471524238586,0.3864224
2102,0.4169599115848541,1.8696965
2103,0.5288785099983215,0.80026984
2104,0.7230803370475769,0.6573162
2105,0.4049146417528391,1.2692871
2106,0.6790839433670044,1.0199324
2107,0.4404875673353672,0.07408888
2108,0.5306979287415743,0.95905936
2109,0.46201576478779316,0.69741386
2110,0.36594543792307377,0.10577778
2111,0.3527507781982422,0.23688
2112,0.34105604887008667,2.7891605
2113,0.26894611120224,1.8421739
2114,0.26317569613456726,0.0790481
2115,0.5554959820583463,2.0875983
2116,0.6406661868095398,2.2012248
2117,0.5726866722106934,1.310692
2118,0.36884140968322754,1.1101308
2119,0.47158644162118435,1.4715431
2120,0.6677696704864502,2.0755594
2121,0.6012561591342092,0.6544558
2122,0.5594381373375654,1.3870368
2123,0.39412128925323486,0.029627407
2124,0.6698670983314514,2.0679688
2125,0.49601203203201294,1.436883
2126,0.44890743494033813,1.5186564
2127,0.4632483124732971,0.37685427
2128,0.34650617837905884,2.0493712
2129,0.5264554023742676,1.4284098
2130,0.2198186255991459,1.268725
2131,0.4227869510650635,1.8398341
2132,0.5324385762214661,2.208473
2133,0.3023269772529602,0.08729455
2134,0.465448796749115,0.76295644
2135,0.3641113117337227,1.7497187
2136,0.4096922539174557,1.0237049
2137,0.3316939175128937,1.115412
2138,0.313102126121521,3.3447323
2139,0.5766397714614868,1.7848085
2140,0.4027146100997925,0.6401894
2141,0.5627337098121643,2.624591
2142,0.6784741878509521,0.5911197
2143,0.3663412928581238,0.7652314
2144,0.40381020307540894,0.11543395
2145,0.42796486616134644,1.5222706
2146,0.3408486843109131,0.32912382
2147,0.570355236530304,1.6275206
2148,0.2636677622795105,2.264024
2149,0.47608816623687744,1.6750197
2150,0.4466116428375244,1.6959668
2151,0.49191561341285706,2.176933
2152,0.6629860401153564,1.0504597
2153,0.697685182094574,1.082804
2154,0.744252622127533,0.63129514
2155,0.27539223432540894,2.1289163
2156,0.44616751931607723,2.7421515
2157,0.3777448236942291,1.2526823
2158,0.4427851364016533,0.045773048
2159,0.3783624768257141,0.11563651
2160,0.45251941308379173,2.7654202
2161,0.5522734867408872,0.3481769
2162,0.5486594261601567,0.3393932
2163,0.8169100880622864,0.6244512
2164,0.6849782466888428,1.4934412
2165,0.3620123267173767,1.9950206
2166,0.28628251049667597,1.6065998
2167,0.40355977416038513,0.39213714
2168,0.7352073788642883,2.267791
2169,0.5916360020637512,1.7253301
2170,0.2911963341757655,2.0537548
2171,0.3983036279678345,0.8968729
2172,0.35871586203575134,2.9136164
2173,0.48769479990005493,1.1074724
2174,0.501957893371582,2.5578203
2175,0.3547966778278351,0.36329013
2176,0.3120424449443817,0.28837207
2177,0.22425544261932373,0.014635351
2178,0.35044509172439575,0.83043486
2179,0.7244214043021202,1.3846614
2180,0.6536250114440918,1.8644879
2181,0.3849427402019501,1.0393256
2182,0.42773765325546265,0.51946455
2183,0.4119906425476074,2.2570558
2184,0.4847942888736725,1.807363
2185,0.2731890259310603,0.12597464
2186,0.6942907068878412,0.8773114
2187,0.4657602608203888,1.0854092
2188,0.3412322402000427,0.8759963
2189,0.3825922906398773,0.5012844
2190,0.288867712020874,5.925856
2191,0.5081260204315186,1.5285988
2192,0.38938361406326294,0.58478254
2193,0.6212078928947449,2.5593255
2194,0.3965523838996887,2.0896325
2195,0.40351414680480957,0.53815806
2196,0.5430887937545776,1.124179
2197,0.4913255274295807,0.093894735
2198,0.4563206434249878,2.4966304
2199,0.5527662988752127,1.1087183
2200,0.4448970854282379,1.4843057
2201,0.5498418807983398,0.17026466
2202,0.38494113087654114,0.6113737
2203,0.41650155186653137,1.3489964
2204,0.6629098020493984,0.4097227
2205,0.4413602948188782,1.5626843
2206,0.34599629044532776,0.25634855
2207,0.436676949262619,0.397223
2208,0.5010976791381836,1.4182497
2209,0.25176998041570187,0.028938552
2210,0.29863470792770386,0.08689891
2211,0.36868250370025635,2.4190078
2212,0.3840743899345398,2.6860313
2213,0.574510931968689,0.54893726
2214,0.27656912337988615,0.07116693
2215,0.4779021739959717,1.8595636
2216,0.6161830797791481,1.0937309
2217,0.6571641396731138,1.5546521
2218,0.47083619236946106,3.685216
2219,0.17111623007804155,0.16047205
2220,0.563657708466053,0.7830402
2221,0.5598103711381555,0.3229273
2222,0.40215620398521423,0.44590187
2223,0.824237048625946,0.92540395
